GND,Ortsname,Startzeitpunkt,Endzeitpunkt,GeoNamesID,Name
1019321067,Tiegnitz,1815,1829,,"Adolphi, Alexis"
1019321067,Dorpat,1829,1841,588335,"Adolphi, Alexis"
1019321067,Wien,1841,1842,2761369,"Adolphi, Alexis"
1019321067,Würzburg,1841,1842,2805615,"Adolphi, Alexis"
1019321067,Berlin,1841,1842,2950159,"Adolphi, Alexis"
1019321067,Dorpat,1842,1842,588335,"Adolphi, Alexis"
1019321067,Wenden,1846,1874,460570,"Adolphi, Alexis"
1019321067,München,1860,1860,2867714,"Adolphi, Alexis"
117762822,Czernowitz,1831,1846,710719,"Amster, Moritz"
117762822,Wien,1846,1853,2761369,"Amster, Moritz"
117762822,Czernowitz,1853,1872,710719,"Amster, Moritz"
117762822,Wien,1872,,2761369,"Amster, Moritz"
116684208,Lemberg,,1882,3196689,"Anton, Helene"
116684208,Königsberg,1882,,2885916,"Anton, Helene"
1158842767,Lemberg,1819,1836,3196689,"Arbter, Emma Wanda von"
1158842767,Wien,1836,1858,2761369,"Arbter, Emma Wanda von"
116518006,Rakischi,1817,1824,,"Arends, Leopold"
116518006,Riga,1824,1838,456172,"Arends, Leopold"
116518006,Dorpat,1838,1840,588335,"Arends, Leopold"
116518006,Rosenhof,1840,1843,,"Arends, Leopold"
116518006,Berlin,1843,1848,2950159,"Arends, Leopold"
116518006,Schleswig,1848,1849,2838632,"Arends, Leopold"
116518006,Berlin,1849,1882,2950159,"Arends, Leopold"
1044287187,Pernau,1843,1843,589580,"Ascharin, Andreas"
1044287187,Dorpat,1843,1874,588335,"Ascharin, Andreas"
1044287187,Petersburg,1874,1879,498817,"Ascharin, Andreas"
1044287187,Riga,1879,1896,456172,"Ascharin, Andreas"
119513439,Altona,1841,,2911296,"Bacmeister, Johann"
119513439,Riga,,,456172,"Bacmeister, Johann"
119513439,Eisenach,,,6547386,"Bacmeister, Johann"
119513439,Erfurt,,1896,6549746,"Bacmeister, Johann"
119513439,Wiesbaden,1896,,2809346,"Bacmeister, Johann"
119513439,Zürich,1903,,2657896,"Bacmeister, Johann"
138442762,Raab,1825,1850,3052009,"Bakody, Tivadar"
138442762,Lemberg,1850,1873,3196689,"Bakody, Tivadar"
138442762,Pest,1873,,3046431,"Bakody, Tivadar"
1326954458,Dorpat,1857,1862,588335,"Bauer, Erwin"
1326954458,Pernau,1862,1875,589580,"Bauer, Erwin"
1326954458,Dorpat,1875,1878,588335,"Bauer, Erwin"
1326954458,Moskau,1878,1880,524901,"Bauer, Erwin"
1326954458,Reval,1880,1885,588409,"Bauer, Erwin"
1326954458,Hamburg,1885,,2911298,"Bauer, Erwin"
1326954458,Berlin,1886,1890,2950159,"Bauer, Erwin"
1326954458,Jena,1890,1891,2895044,"Bauer, Erwin"
1326954458,Leipzig,1891,1900,2879139,"Bauer, Erwin"
1326954458,Annaberg,1900,1901,2956005,"Bauer, Erwin"
116089075,Schrunden,1821,1849,455520,"Baumbach, Eduard"
116089075,Mitau,,,459279,"Baumbach, Eduard"
116089075,Dorpat,1849,1852,588335,"Baumbach, Eduard"
116089075,Schlock,,,,"Baumbach, Eduard"
118071750,Schrunden,1831,1852,455520,"Baumbach, Nicolai"
118071750,Mitau,,,459279,"Baumbach, Nicolai"
118071750,Libau,,,457954,"Baumbach, Nicolai"
118071750,Dorpat,1852,1858,588335,"Baumbach, Nicolai"
118071750,Kurland,,,460496,"Baumbach, Nicolai"
118071750,Kurland,1862,1865,460496,"Baumbach, Nicolai"
118071750,Kronstadt,1877,1881,540771,"Baumbach, Nicolai"
118071750,Petersburg,1881,1894,498817,"Baumbach, Nicolai"
118071750,Kronstadt,1894,,540771,"Baumbach, Nicolai"
116132914,Doblen,1857,1875,460312,"Bergmann, Eugen Ernst"
116132914,Riga,1875,1877,456172,"Bergmann, Eugen Ernst"
116132914,Petersburg,1877,1880,498817,"Bergmann, Eugen Ernst"
116132914,Dorpat,1880,1884,588335,"Bergmann, Eugen Ernst"
116132914,Smilten,1884,,455406,"Bergmann, Eugen Ernst"
1032960728,Riga,1877,1893,456172,"Bertels, Kurt"
1032960728,Freiburg i. B.,1896,1899,2925177,"Bertels, Kurt"
1032960728,Berlin,1899,1906,2950159,"Bertels, Kurt"
1032960728,München,1906,,2867714,"Bertels, Kurt"
116226099,Mitau,1840,,459279,"Böttcher, Mathilde"
116226099,Riga,,1863,456172,"Böttcher, Mathilde"
116226099,Öynhausen,,,2855795,"Böttcher, Mathilde"
116226099,Gastein,,,3322997,"Böttcher, Mathilde"
116226099,Dorpat,1889,,588335,"Böttcher, Mathilde"
1037718372,Gumbinnen,1864,,557882,"Brinkmann, Max"
1037718372,Charlottenburg,1899,,2940187,"Brinkmann, Max"
116828781,Strandhof,1816,1835,455211,"Budberg-Benninghausen, Roman Friedrich"
116828781,Reval,,,588409,"Budberg-Benninghausen, Roman Friedrich"
116828781,Dorpat,1835,1838,588335,"Budberg-Benninghausen, Roman Friedrich"
116828781,Berlin,1840,1843,2950159,"Budberg-Benninghausen, Roman Friedrich"
116828781,Reval,1843,1855,588409,"Budberg-Benninghausen, Roman Friedrich"
116828781,Wannamois,1855,1858,,"Budberg-Benninghausen, Roman Friedrich"
unidentified001,Mitau,1855,,459279,"Buss, Aurelie"
unidentified001,Berlin,,,2950159,"Buss, Aurelie"
1050422937,Riga,1871,,456172,"Büttner, Hans"
1050422937,Goldingen,,,458460,"Büttner, Hans"
1050422937,Dorpat,1890,,588335,"Büttner, Hans"
1050422937,Marburg,,,2873759,"Büttner, Hans"
1050422937,Leipzig,,,2879139,"Büttner, Hans"
1050422937,Dorpat,,,588335,"Büttner, Hans"
1050422937,Petersburg,,,498817,"Büttner, Hans"
1050422937,Dünaburg,,,460413,"Büttner, Hans"
1050422937,Petersburg,,,498817,"Büttner, Hans"
1050422937,Riga,,,456172,"Büttner, Hans"
1050422937,Reval,,,588409,"Büttner, Hans"
1050422937,Riga,,,456172,"Büttner, Hans"
1227439849,Dorpat,1833,1836,588335,"Cambecq, Victor Ludwig"
1227439849,Kasan,1836,1854,551487,"Cambecq, Victor Ludwig"
116524685,Lemberg,1842,1854,3196689,"Claar, Emil"
116524685,Wien,1854,1863,2761369,"Claar, Emil"
116524685,Graz,,,2778067,"Claar, Emil"
116524685,Linz,,,2772400,"Claar, Emil"
116524685,Innsbruck,,,2775220,"Claar, Emil"
116524685,Berlin,,,2950159,"Claar, Emil"
116524685,Leipzig,1865,1870,2879139,"Claar, Emil"
116524685,Weimar,1870,1872,2812482,"Claar, Emil"
116524685,Prag,1972,1876,3067696,"Claar, Emil"
116524685,Berlin,1876,1879,2950159,"Claar, Emil"
116524685,Frankfurt am Main,1879,,2925533,"Claar, Emil"
132734405X,Jakobsstadt,1823,1840,,"Claus, Karl"
132734405X,Dorpat,1840,1843,588335,"Claus, Karl"
132734405X,Sickeln,1849,,,"Claus, Karl"
1055113177,Sellgallen,1814,,,"Conradi, Johanna"
1055113177,Mitau,1865,,459279,"Conradi, Johanna"
118522310,Gumbinnen,1812,1824,557882,"Corvin-Wiersbitzki, Otto Julius Bernhard von"
118522310,Potsdam,1824,1825,2852458,"Corvin-Wiersbitzki, Otto Julius Bernhard von"
118522310,Berlin,1825,1830,2950159,"Corvin-Wiersbitzki, Otto Julius Bernhard von"
118522310,Mainz,1830,1833,2874225,"Corvin-Wiersbitzki, Otto Julius Bernhard von"
118522310,Saarlouis,1833,1835,2842632,"Corvin-Wiersbitzki, Otto Julius Bernhard von"
118522310,Frankfurt a. M.,1835,1840,,"Corvin-Wiersbitzki, Otto Julius Bernhard von"
118522310,Leipzig,1840,1848,2879139,"Corvin-Wiersbitzki, Otto Julius Bernhard von"
118522310,Berlin,1848,1849,2950159,"Corvin-Wiersbitzki, Otto Julius Bernhard von"
118522310,Baden,1849,,2825297,"Corvin-Wiersbitzki, Otto Julius Bernhard von"
118522310,Mannheim,,,2873891,"Corvin-Wiersbitzki, Otto Julius Bernhard von"
118522310,Rastadt,,,2788334,"Corvin-Wiersbitzki, Otto Julius Bernhard von"
118522310,Bruchsal,,1852,2943560,"Corvin-Wiersbitzki, Otto Julius Bernhard von"
118522310,London,1855,,2643743,"Corvin-Wiersbitzki, Otto Julius Bernhard von"
118522310,Berlin,1867,1870,2950159,"Corvin-Wiersbitzki, Otto Julius Bernhard von"
118522310,Wien,1870,1871,2761369,"Corvin-Wiersbitzki, Otto Julius Bernhard von"
118522310,Kreuzwertheim,1874,1876,2818369,"Corvin-Wiersbitzki, Otto Julius Bernhard von"
118522310,Leipzig,1876,1883,2879139,"Corvin-Wiersbitzki, Otto Julius Bernhard von"
118522310,Elgersburg,1883,1885,,"Corvin-Wiersbitzki, Otto Julius Bernhard von"
118522310,Wiesbaden,1885,1886,2809346,"Corvin-Wiersbitzki, Otto Julius Bernhard von"
1050460235,Riga,1829,1891,456172,"Daudert, Ernst Wilhelm"
1050460235,Freiburg im Breisgau,1891,1903,2925177,"Daudert, Ernst Wilhelm"
unidentified002,Czernowitz,1860,1881,710719,"Dembitzki, Anton Leo"
unidentified002,Chmeleschen,1881,1882,3077735,"Dembitzki, Anton Leo"
unidentified002,Gossamoda,1882,1891,,"Dembitzki, Anton Leo"
unidentified002,Groß-Otschehau,1891,,3069160,"Dembitzki, Anton Leo"
1213287766,Mitau,1827,1847,459279,"Denffer, August Karl Nicolai Eugen von"
1213287766,Hasenpoth,,,,"Denffer, August Karl Nicolai Eugen von"
1213287766,Dorpat,1847,1851,588335,"Denffer, August Karl Nicolai Eugen von"
1213287766,Riga,1852,1856,456172,"Denffer, August Karl Nicolai Eugen von"
1213287766,Riga,1857,1888,456172,"Denffer, August Karl Nicolai Eugen von"
1055112596,Riga,1889,1890,456172,"Donnersberg, Edit"
1055112596,Petersburg,1890,1895,498817,"Donnersberg, Edit"
1055112596,Braunschweig,1895,1906,2945024,"Donnersberg, Edit"
1055112596,Hannover,1906,1908,2910831,"Donnersberg, Edit"
1055112596,Berlin,1908,1910,2950159,"Donnersberg, Edit"
100809766,Lemberg,1806,1812,3196689,"Dräxler, Carl Ferdinand"
100809766,Prag,1812,1825,3067696,"Dräxler, Carl Ferdinand"
100809766,Wien,1825,1826,2761369,"Dräxler, Carl Ferdinand"
100809766,Leipzig,1826,1829,2879139,"Dräxler, Carl Ferdinand"
100809766,Wien,1829,1837,2761369,"Dräxler, Carl Ferdinand"
100809766,Mannheim,,,2873891,"Dräxler, Carl Ferdinand"
100809766,Frankfurt a. M.,,,2925533,"Dräxler, Carl Ferdinand"
100809766,Meiningen,,,2872225,"Dräxler, Carl Ferdinand"
100809766,Köln,,,2886242,"Dräxler, Carl Ferdinand"
100809766,Wiesbaden,,,2809346,"Dräxler, Carl Ferdinand"
100809766,Darmstadt,1845,1879,2938913,"Dräxler, Carl Ferdinand"
123905792X,,,,,"Dreyersdorff, Alberta"
1050460677,,1837,,,"Du Feaux, Emmy"
1050460677,Riga,1854,,456172,"Du Feaux, Emmy"
1050460677,Talsen,,,454970,"Du Feaux, Emmy"
116243708,Livland,1864,1872,457850,"Dukmeyer, Friedrich"
116243708,Riga,1872,1883,456172,"Dukmeyer, Friedrich"
116243708,St. Petersburg,1884,1890,498817,"Dukmeyer, Friedrich"
116243708,Berlin,1890,1894,2950159,"Dukmeyer, Friedrich"
116243708,Taschkent,1894,1898,1512569,"Dukmeyer, Friedrich"
116243708,München,1900,1902,2867714,"Dukmeyer, Friedrich"
116243708,Berlin,1902,1909,2950159,"Dukmeyer, Friedrich"
116243708,Potsdam,1909,,2852458,"Dukmeyer, Friedrich"
118869345,Königsberg,1819,1841,2885916,"Dulk, Albert Friedrich Benno"
118869345,Breslau,1841,1843,3081368,"Dulk, Albert Friedrich Benno"
118869345,Kupferberg,1841,1843,2882417,"Dulk, Albert Friedrich Benno"
118869345,Gumbinnen,1843,1844,557882,"Dulk, Albert Friedrich Benno"
118869345,Berlin,1844,1844,2950159,"Dulk, Albert Friedrich Benno"
118869345,Leipzig,1844,1845,2879139,"Dulk, Albert Friedrich Benno"
118869345,Neuschönefeld,1845,1845,11608705,"Dulk, Albert Friedrich Benno"
118869345,Halle,1845,1845,2911522,"Dulk, Albert Friedrich Benno"
118869345,Breslau,1846,1846,3081368,"Dulk, Albert Friedrich Benno"
118869345,Königsberg,1846,1849,2885916,"Dulk, Albert Friedrich Benno"
118869345,Wien,,,2761369,"Dulk, Albert Friedrich Benno"
118869345,Neapel,,,3172394,"Dulk, Albert Friedrich Benno"
118869345,Assuan,,,,"Dulk, Albert Friedrich Benno"
118869345,Königsberg,1850,1850,2885916,"Dulk, Albert Friedrich Benno"
118869345,Stuttgart,1858,1872,2825297,"Dulk, Albert Friedrich Benno"
118869345,Untertürkheim,1873,1884,2818523,"Dulk, Albert Friedrich Benno"
1036990052,Fellin,1843,1863,587577,"Eckardt, Guido Heinrich"
1036990052,Dorpat,1863,1868,588335,"Eckardt, Guido Heinrich"
1036990052,Pernau,1869,1876,589580,"Eckardt, Guido Heinrich"
1036990052,Riga,1876,1906,456172,"Eckardt, Guido Heinrich"
1050470745,Zinna,1811,1816,2887390,"Eckers, Gustav"
1050470745,Bambach,1816,1832,3323042,"Eckers, Gustav"
1050470745,Zerbst,,,2804748,"Eckers, Gustav"
1050470745,Wittenberg,,,7303020,"Eckers, Gustav"
1050470745,Berlin,1832,1836,2950159,"Eckers, Gustav"
1050470745,Mitau,1836,1837,459279,"Eckers, Gustav"
1050470745,Dorpat,1837,1838,588335,"Eckers, Gustav"
1050470745,Goldingen,1839,1841,458460,"Eckers, Gustav"
1050470745,Riga,1841,1891,456172,"Eckers, Gustav"
1193671655,Riga,,1876,456172,"Eltz, Hugo von"
1193671655,Dorpat,1876,,588335,"Eltz, Hugo von"
11614730X,Wileki,1850,1855,,"Engelhardt-Schnellstein, Helene von"
11614730X,Lautzen,1855,1864,,"Engelhardt-Schnellstein, Helene von"
11614730X,Mitau,1864,1865,459279,"Engelhardt-Schnellstein, Helene von"
11614730X,Stuttgart,1869,1870,2825297,"Engelhardt-Schnellstein, Helene von"
11614730X,Riga,1870,1872,456172,"Engelhardt-Schnellstein, Helene von"
11614730X,Stahlbad Elster,1872,1872,,"Engelhardt-Schnellstein, Helene von"
11614730X,Riga,1872,1877,456172,"Engelhardt-Schnellstein, Helene von"
11614730X,Melbourne,1885,1895,2158177,"Engelhardt-Schnellstein, Helene von"
11614730X,London,1895,1900,2643743,"Engelhardt-Schnellstein, Helene von"
11614730X,Moskau,1900,1907,524901,"Engelhardt-Schnellstein, Helene von"
11614730X,Weimar,1907,1909,2812482,"Engelhardt-Schnellstein, Helene von"
11614730X,Wien,1909,1910,2761369,"Engelhardt-Schnellstein, Helene von"
119351439,Riga,1866,1888,456172,"Erdberg, Robert von"
119351439,Leipzig,1888,1890,2879139,"Erdberg, Robert von"
119351439,Berlin,1890,1891,2950159,"Erdberg, Robert von"
119351439,Köthen,1891,1891,2885237,"Erdberg, Robert von"
119351439,Bremen,1891,1891,2944388,"Erdberg, Robert von"
119351439,Marburg,1892,1892,2873759,"Erdberg, Robert von"
119351439,Halle,1892,1893,2911522,"Erdberg, Robert von"
119351439,Wien,1893,1893,2761369,"Erdberg, Robert von"
1238483607,Wenden,1876,,460570,"Erdmann, Bruno Adam Julius Johann"
1238483607,Riga,1908,,456172,"Erdmann, Bruno Adam Julius Johann"
116586788,Galatz,1856,1863,677697,"Flachs, Adolf"
116586788,Leipzig,1863,1866,2879139,"Flachs, Adolf"
116586788,Czernowitz,1866,1876,710719,"Flachs, Adolf"
116586788,Wien,1876,1880,2761369,"Flachs, Adolf"
116586788,Bukarest,1880,1889,683506,"Flachs, Adolf"
116586788,Wien,1889,1891,2761369,"Flachs, Adolf"
116586788,Sarajevo,1891,1893,3191281,"Flachs, Adolf"
116586788,Rom,1893,1896,3169070,"Flachs, Adolf"
116586788,Berlin,1896,1905,2950159,"Flachs, Adolf"
116586788,Brüssel,1905,1907,2800866,"Flachs, Adolf"
116586788,Berlin,1907,,2950159,"Flachs, Adolf"
1037803639,Riga,1801,1822,456172,"Franzius, Abraham Gottlieb Hermann"
1037803639,Dorpat,1822,1825,588335,"Franzius, Abraham Gottlieb Hermann"
1037803639,Riga,1825,1832,456172,"Franzius, Abraham Gottlieb Hermann"
116791845,Kurland,1861,,460496,"Friede, Victor von"
116791845,Mitau,,,459279,"Friede, Victor von"
116791845,Berlin,,,2950159,"Friede, Victor von"
116791845,Freiburg i. B.,,1910,2925177,"Friede, Victor von"
1152957317,Pest,1854,1872,3046431,"Friedenstein, Wilhelm"
1152957317,Wien,1872,1873,2761369,"Friedenstein, Wilhelm"
1152957317,Hamburg,1873,1874,2911298,"Friedenstein, Wilhelm"
1152957317,Berlin,1876,1880,2950159,"Friedenstein, Wilhelm"
1152957317,Hamburg,1880,1883,2911298,"Friedenstein, Wilhelm"
1152957317,Libau,1883,1886,457954,"Friedenstein, Wilhelm"
1152957317,Wien,1886,1887,2761369,"Friedenstein, Wilhelm"
1152957317,Berlin,1887,1892,2950159,"Friedenstein, Wilhelm"
1152957317,Wien,1892,,2761369,"Friedenstein, Wilhelm"
1202427057,Weißenstein,1804,1807,2761587,"Haken, Alexander von"
1202427057,Reval,1807,1814,588409,"Haken, Alexander von"
1202427057,Riga,1814,1826,456172,"Haken, Alexander von"
1202427057,Dorpat,1826,1829,588335,"Haken, Alexander von"
1202427057,Talowka,1830,1838,484736,"Haken, Alexander von"
1202427057,Pensa,1838,1844,12625570,"Haken, Alexander von"
1202427057,Tambow,1844,1872,484638,"Haken, Alexander von"
116333235,Riga,1875,1888,456172,"Gaehtgens, Hermann"
116333235,Greifswald,1888,,2917788,"Gaehtgens, Hermann"
116333235,Gießen,,1896,2920512,"Gaehtgens, Hermann"
116333235,Straßburg,1896,1897,2973783,"Gaehtgens, Hermann"
116333235,Hamburg,1897,1900,2911298,"Gaehtgens, Hermann"
116333235,Rostock,1900,1903,2844588,"Gaehtgens, Hermann"
116333235,Bonn,1903,1904,6296510,"Gaehtgens, Hermann"
116333235,Saarbrücken,1904,1905,2842647,"Gaehtgens, Hermann"
116333235,Düsseldorf,1905,1906,2934246,"Gaehtgens, Hermann"
116333235,Barmen,1906,1906,3357087,"Gaehtgens, Hermann"
116333235,Altona,1906,,2911296,"Gaehtgens, Hermann"
12420239X,Kaluga,1837,1847,553899,"Gerbel, Nikolaj Vasilʹevič"
12420239X,Riga,1847,1855,456172,"Gerbel, Nikolaj Vasilʹevič"
12420239X,Dorpat,1855,1859,588335,"Gerbel, Nikolaj Vasilʹevič"
12420239X,Tübingen,1859,1863,2820860,"Gerbel, Nikolaj Vasilʹevič"
12420239X,Dresden,1863,,2935022,"Gerbel, Nikolaj Vasilʹevič"
116647337,Sarata,1869,,668040,"Girgensohn, Lotta"
116647337,Berlin,1888,1892,2950159,"Girgensohn, Lotta"
116647337,Wernigerode,1892,1893,2810808,"Girgensohn, Lotta"
116647337,Kammin,1893,1896,5873556,"Girgensohn, Lotta"
116647337,Wunstdorf,1896,1899,,"Girgensohn, Lotta"
116647337,Berlin-Halensee,1899,1902,,"Girgensohn, Lotta"
116647337,Treptow a. d. Rega,1902,1906,,"Girgensohn, Lotta"
116647337,Frankfurt am Main,1906,,2925533,"Girgensohn, Lotta"
1025309391,Ielgimeggi bei Reval,1841,1860,,"Glehn, Nikolai von"
1025309391,Dorpat,1860,1864,588335,"Glehn, Nikolai von"
1025309391,Ielgimeggi bei Reval,1867,,,"Glehn, Nikolai von"
1038112206,Riga,1877,1889,456172,"Gleye, Maria Carlita"
1038112206,Dorpat,1889,1891,588335,"Gleye, Maria Carlita"
1038112206,Tübingen,1891,1892,2820860,"Gleye, Maria Carlita"
1038112206,Niederlößnitz,1892,,2863147,"Gleye, Maria Carlita"
116663952,Sarepta,1820,1826,6087763,"Glitsch, Konstantin"
116663952,Berlin,1826,1843,2950159,"Glitsch, Konstantin"
116663952,Dorpat,1843,1845,588335,"Glitsch, Konstantin"
116663952,Berlin,1845,1849,2950159,"Glitsch, Konstantin"
116663952,Sarepta,1849,1865,6087763,"Glitsch, Konstantin"
116663952,Tübingen,1865,1879,2820860,"Glitsch, Konstantin"
116663952,Königsfeld im Schwarzwald,1879,1883,2885888,"Glitsch, Konstantin"
1157480837,Lemsal,1808,1829,457890,"Goldhammer, Karl Reinhold"
1157480837,Dorpat,1829,1832,588335,"Goldhammer, Karl Reinhold"
1157480837,Riga,1832,1851,456172,"Goldhammer, Karl Reinhold"
1038240697,Annenburg,1823,1828,4556296,"Grosewsky, Theodor Robert"
1038240697,Dorpat,1828,1835,588335,"Grosewsky, Theodor Robert"
1038240697,Mitau,1835,1842,459279,"Grosewsky, Theodor Robert"
1038240697,Dorpat,1842,1844,588335,"Grosewsky, Theodor Robert"
1038240697,Jena,1844,1846,2895044,"Grosewsky, Theodor Robert"
1038240697,Lambertshof,1849,1859,,"Grosewsky, Theodor Robert"
1038240697,Dorpat,1859,1864,588335,"Grosewsky, Theodor Robert"
1038240697,Moskau,1864,1866,524901,"Grosewsky, Theodor Robert"
116879017,Riga,1865,1884,456172,"Grotthuss, Jeannot Emil von"
116879017,Libau,,,457954,"Grotthuss, Jeannot Emil von"
116879017,Berlin,1884,1903,2950159,"Grotthuss, Jeannot Emil von"
116879017,Bad Oeynhausen,1903,,2953386,"Grotthuss, Jeannot Emil von"
116879483,Dorpat,1854,1864,588335,"Grube, Max"
116879483,Breslau,1864,1872,3081368,"Grube, Max"
116879483,Meiningen,1872,1872,2872225,"Grube, Max"
116879483,Meiningen,1873,1875,2872225,"Grube, Max"
116879483,Pyrmont,1875,1875,6557416,"Grube, Max"
116879483,Detmold,1875,1875,2937936,"Grube, Max"
116879483,Osnabrück,1875,1875,2856883,"Grube, Max"
116879483,Münster,1875,1875,2867543,"Grube, Max"
116879483,Bielefeld,1875,1875,2949186,"Grube, Max"
116879483,Dortmund,1875,1875,2935517,"Grube, Max"
116879483,Lübeck,1875,1876,2875601,"Grube, Max"
116879483,Paris,1876,1877,2988507,"Grube, Max"
116879483,Bremen,1877,1881,2944388,"Grube, Max"
116879483,Leipzig,1881,1884,2879139,"Grube, Max"
116879483,Dresden,1884,1886,2935022,"Grube, Max"
116879483,Meiningen,1886,1887,2872225,"Grube, Max"
116879483,Berlin,1887,1909,2950159,"Grube, Max"
116879483,Meiningen,1909,,2872225,"Grube, Max"
116893001,Lemberg,1876,1895,3196689,"Grünstein, Leo"
116893001,Wien,1895,,2761369,"Grünstein, Leo"
1212021932,Schönberg,1821,1830,6938974,"Grunwaldt, Eduard Gustav"
1212021932,Riga,1830,,456172,"Grunwaldt, Eduard Gustav"
11869894X,Mitau,1886,1886,459279,"Guenther, Johannes von"
11869894X,Windau a. d. Ostsee,1886,1904,,"Guenther, Johannes von"
11869894X,Mitau,1904,,459279,"Guenther, Johannes von"
122762252X,Riga,1873,1890,456172,"Günther, Viktor Leopold"
122762252X,St. Petersburg,1890,1890,498817,"Günther, Viktor Leopold"
122762252X,Weimar,1890,1891,2812482,"Günther, Viktor Leopold"
122762252X,Riga,1891,,456172,"Günther, Viktor Leopold"
116931868,Dorpat,1863,1878,588335,"Gutfeldt, Ina"
116931868,Moskau,1878,1879,524901,"Gutfeldt, Ina"
116931868,Reval,1879,,588409,"Gutfeldt, Ina"
116931868,Charkow,,,706483,"Gutfeldt, Ina"
116931868,Reval,1888,1893,588409,"Gutfeldt, Ina"
116931868,Königsberg,1895,1897,2885916,"Gutfeldt, Ina"
116931868,Berlin,1897,1906,2950159,"Gutfeldt, Ina"
116931868,Weimar,1906,,2812482,"Gutfeldt, Ina"
116420871,Czernowitz,1871,1889,710719,"Halpern, Max"
116420871,Berlin,1889,1897,2950159,"Halpern, Max"
116420871,Wien,1900,,2761369,"Halpern, Max"
116483350,Erlangen,1857,1866,2929567,"Harnack, Otto"
116483350,Dorpat,1866,1879,588335,"Harnack, Otto"
116483350,Göttingen,1880,1884,2918632,"Harnack, Otto"
116483350,Birkenruh,1884,1887,,"Harnack, Otto"
116483350,Wenden,1887,1889,460570,"Harnack, Otto"
116483350,Berlin,1889,1891,2950159,"Harnack, Otto"
116483350,Rom,1891,1896,3169070,"Harnack, Otto"
116483350,Weimar,1896,1896,2812482,"Harnack, Otto"
116483350,Darmstadt,1896,1904,2938913,"Harnack, Otto"
116483350,Stuttgart,1904,,2825297,"Harnack, Otto"
116523859,Auenstein bei Marbach,1821,1838,,"Hauff, Gustav"
116523859,Maulbronn,1838,1842,2872777,"Hauff, Gustav"
116523859,Tübingen,1842,1846,2820860,"Hauff, Gustav"
116523859,Lasdohn,1846,1848,,"Hauff, Gustav"
116523859,Fellin,1848,1851,587577,"Hauff, Gustav"
116523859,Langenbeutingen bei Öhringen,1856,1872,,"Hauff, Gustav"
116523859,Kirchheim unter Teck,1872,1880,,"Hauff, Gustav"
116523859,Beimbach bei Gerabronn,1880,,,"Hauff, Gustav"
116527935,Czernowitz,1820,1822,710719,"Haupt, Josef"
116527935,Wien,1822,1881,2761369,"Haupt, Josef"
136709680,Mitau,1825,1865,459279,"Hausmann, Julie"
136709680,Biarritz,1865,1870,3032797,"Hausmann, Julie"
136709680,St. Petersburg,1870,1901,498817,"Hausmann, Julie"
136709680,Wössö,1901,1901,,"Hausmann, Julie"
103081062,Wenden,1815,1817,460570,"Hildebrandt-Strehlen, Karl Theodor Heinrich"
103081062,Groß-Thierbach,1817,1829,,"Hildebrandt-Strehlen, Karl Theodor Heinrich"
103081062,Elbing,1829,1837,4270876,"Hildebrandt-Strehlen, Karl Theodor Heinrich"
103081062,Königsberg,1837,1840,2885916,"Hildebrandt-Strehlen, Karl Theodor Heinrich"
103081062,Gumbinnen,1840,1841,557882,"Hildebrandt-Strehlen, Karl Theodor Heinrich"
103081062,Mark,1841,1851,,"Hildebrandt-Strehlen, Karl Theodor Heinrich"
103081062,Strehlen,1858,1879,2826031,"Hildebrandt-Strehlen, Karl Theodor Heinrich"
103081062,Freyburg a. d. Unstrut,1879,1901,2924862,"Hildebrandt-Strehlen, Karl Theodor Heinrich"
116932821,Oberprahlen,1844,1867,,"Hoerschelmann, Emilie von"
116932821,Neu-Kasseritz bei Werro,1844,1867,,"Hoerschelmann, Emilie von"
116932821,München,1903,,2867714,"Hoerschelmann, Emilie von"
118862944,Riga,1872,1872,456172,"Holm, Korfiz"
118862944,Moskau,1872,1882,524901,"Holm, Korfiz"
118862944,Riga,1882,1892,456172,"Holm, Korfiz"
118862944,Lübeck,1892,1894,2875601,"Holm, Korfiz"
118862944,Berlin,1894,1895,2950159,"Holm, Korfiz"
118862944,München,1895,,2867714,"Holm, Korfiz"
116965355,Riga,1845,1871,456172,"Holm, Mia"
116965355,Moskau,1871,1884,524901,"Holm, Mia"
116965355,Riga,1884,1888,456172,"Holm, Mia"
116965355,Lübeck,1893,1894,2875601,"Holm, Mia"
116965355,Berlin,1894,1895,2950159,"Holm, Mia"
116965355,München,1895,,2867714,"Holm, Mia"
1055122257,Riga,1808,1828,456172,"Hülsen, Wilhelm"
1055122257,Dorpat,1828,1836,588335,"Hülsen, Wilhelm"
1055122257,Wien,1836,1837,2761369,"Hülsen, Wilhelm"
1055122257,Berlin,1837,1839,2950159,"Hülsen, Wilhelm"
1055122257,Paris,1839,1841,2988507,"Hülsen, Wilhelm"
1055122257,Dorpat,1841,1842,588335,"Hülsen, Wilhelm"
1055122257,Riga,1842,1878,456172,"Hülsen, Wilhelm"
117069698,Narva,1856,1868,590031,"Hunnius, Carl"
117069698,Riga,1868,1875,456172,"Hunnius, Carl"
117069698,Dorpat,1876,1881,588335,"Hunnius, Carl"
117069698,Reval,1881,1881,588409,"Hunnius, Carl"
117069698,Dorpat,1881,1881,588335,"Hunnius, Carl"
117069698,Fennern,1881,1882,587440,"Hunnius, Carl"
117069698,Arensburg,1882,1885,590939,"Hunnius, Carl"
117069698,Mitau,1886,,459279,"Hunnius, Carl"
117069698,Kropp,1889,1890,5661193,"Hunnius, Carl"
117069698,Hamburg,1890,1890,2911298,"Hunnius, Carl"
117069698,Schleswig,1890,1890,2838632,"Hunnius, Carl"
117069698,Amrum,1890,1890,2956359,"Hunnius, Carl"
117069698,Föhr,1890,1891,,"Hunnius, Carl"
117069698,Kiel,1891,1891,2891122,"Hunnius, Carl"
117069698,Görlitz,1891,1891,2918987,"Hunnius, Carl"
117069698,Dresden,1891,1891,2935022,"Hunnius, Carl"
117069698,Berlin,1891,1892,2950159,"Hunnius, Carl"
117069698,Gernrode,1892,1892,2920999,"Hunnius, Carl"
117069698,Bielefeld,1892,1894,2949186,"Hunnius, Carl"
117069698,Riga,1894,1902,456172,"Hunnius, Carl"
117069698,Dorpat,1904,,588335,"Hunnius, Carl"
140283080,Lemberg,1857,1876,3196689,"Jaeger, Jacques"
140283080,Wien,1876,1885,2761369,"Jaeger, Jacques"
1089582196,Riga,1844,1865,456172,"Jaksch, Elfriede"
1089582196,Wien,1885,1897,2761369,"Jaksch, Elfriede"
117079669,Pernau,1851,1864,589580,"Jannsen, Harry"
117079669,Dorpat,1864,1878,588335,"Jannsen, Harry"
117079669,Dorpat,1881,1882,588335,"Jannsen, Harry"
117079669,Reval,1882,1884,588409,"Jannsen, Harry"
117079669,Riga,1884,1885,456172,"Jannsen, Harry"
117079669,Riga,1886,,456172,"Jannsen, Harry"
101788665,St. Petersburg,1828,1851,498817,"Jessen, Ludwig von"
101788665,Teheran,1851,1855,112931,"Jessen, Ludwig von"
101788665,Petersburg,1855,1858,498817,"Jessen, Ludwig von"
101788665,Teheran,1858,1861,112931,"Jessen, Ludwig von"
101788665,Petersburg,1861,1888,498817,"Jessen, Ludwig von"
118558765,Kiaulkehmen,1865,1881,,"Jung, Frieda"
118558765,Königsberg,1881,,2885916,"Jung, Frieda"
118558765,Buddern bei Angerbur,1990,,756048,"Jung, Frieda"
116015683,Dresden,1838,1856,2935022,"Kaden, Woldemar"
116015683,Riga,1856,1861,456172,"Kaden, Woldemar"
116015683,Dorpat,1861,1866,588335,"Kaden, Woldemar"
116015683,Paris,1866,1867,2988507,"Kaden, Woldemar"
116015683,Neapel,1867,1872,3172394,"Kaden, Woldemar"
116015683,Neapel,1876,1907,3172394,"Kaden, Woldemar"
116015683,München,1907,1907,2867714,"Kaden, Woldemar"
1057766305,Riga,1873,1890,456172,"Kegel, Franz"
1057766305,Walk,1890,,3581514,"Kegel, Franz"
1057766305,Riga,1911,,456172,"Kegel, Franz"
118721690,St. Petersburg,1857,1867,498817,"Keller, Samuel"
118721690,Arensburg,1867,1875,590939,"Keller, Samuel"
118721690,Dorpat,1875,1879,588335,"Keller, Samuel"
118721690,St. Petersburg,1879,1880,498817,"Keller, Samuel"
118721690,Grunau,1880,1884,3357074,"Keller, Samuel"
118721690,Neusatz in der Krim,1884,1891,,"Keller, Samuel"
118721690,Berlin,1891,1892,2950159,"Keller, Samuel"
118721690,Düsseldorf,1892,1903,2934246,"Keller, Samuel"
118721690,Freiburg in Baden,1903,,2925177,"Keller, Samuel"
1102221384,Peederküll,1832,1842,,"Keuchel, Gustav"
1102221384,Riga,1842,1851,456172,"Keuchel, Gustav"
1102221384,Dorpat,1851,1854,588335,"Keuchel, Gustav"
1102221384,Stáraja Russa,1854,1857,,"Keuchel, Gustav"
1102221384,Dorpat,1857,1861,588335,"Keuchel, Gustav"
1102221384,Riga,1863,1875,456172,"Keuchel, Gustav"
1102221384,Eichenheim bei Riga,1875,1883,,"Keuchel, Gustav"
1102221384,Belin,1883,1887,,"Keuchel, Gustav"
1102221384,Fellin,1887,1892,587577,"Keuchel, Gustav"
1102221384,Riga,1892,,456172,"Keuchel, Gustav"
1157580815,Kurland,1815,1835,460496,"Kienitz, Oskar Carl Ernst"
1157580815,Dorpat,1835,1840,588335,"Kienitz, Oskar Carl Ernst"
1157580815,Livland,1840,1847,457850,"Kienitz, Oskar Carl Ernst"
1157580815,Gräfenfeld bei Lemsal,1847,1852,,"Kienitz, Oskar Carl Ernst"
1157580815,Dorpat,1852,1859,588335,"Kienitz, Oskar Carl Ernst"
113665954,Reval,1813,1817,588409,"Kotzebue, Wilhelm von"
113665954,Dresden,1857,1865,2935022,"Kotzebue, Wilhelm von"
113665954,Karlsruhe,1865,1869,2892794,"Kotzebue, Wilhelm von"
113665954,Dresden,1869,1878,2935022,"Kotzebue, Wilhelm von"
113665954,Bern,1878,1879,2661552,"Kotzebue, Wilhelm von"
113665954,Dresden,1879,1882,2935022,"Kotzebue, Wilhelm von"
113665954,Orrenhof,1882,1887,,"Kotzebue, Wilhelm von"
113665954,Reval,1882,1887,588409,"Kotzebue, Wilhelm von"
1018227644,Karapczin,1849,1867,,"Kováts, Edgar"
1018227644,Czernowitz,1868,1869,710719,"Kováts, Edgar"
1018227644,Lemberg,1869,1870,3196689,"Kováts, Edgar"
1018227644,Wien,1870,1871,2761369,"Kováts, Edgar"
1018227644,Zürich,1871,1872,2657896,"Kováts, Edgar"
1018227644,Wien,1872,,2761369,"Kováts, Edgar"
141208813,Ottenküll,1857,1861,,"Kraus, Eberhard"
141208813,Pastorat Neugut im Bauskeschen Kreise Kurlands,1861,,,"Kraus, Eberhard"
141208813,Mitau,,,459279,"Kraus, Eberhard"
141208813,Goldingen,,,458460,"Kraus, Eberhard"
141208813,Dorpat,1877,1881,588335,"Kraus, Eberhard"
141208813,Friedrichshof,1881,1883,2924543,"Kraus, Eberhard"
141208813,Moskau,1883,1884,524901,"Kraus, Eberhard"
141208813,Libau,1884,1893,457954,"Kraus, Eberhard"
141208813,Berlin,1893,1903,2950159,"Kraus, Eberhard"
141208813,Königsberg,1903,1907,2885916,"Kraus, Eberhard"
141208813,Berlin,1907,1908,2950159,"Kraus, Eberhard"
141208813,Riga,1908,,456172,"Kraus, Eberhard"
116555211,Lemberg,1865,1882,3196689,"Kronfeld, E. M."
116555211,Wien,1882,,2761369,"Kronfeld, E. M."
11872472X,Dorpat,1871,,588335,"Krüger, Herman Anders"
11872472X,Niesky,,,2862460,"Krüger, Herman Anders"
11872472X,Königsfeld,,,,"Krüger, Herman Anders"
11872472X,Genua,,1896,3176219,"Krüger, Herman Anders"
11872472X,Leipzig,1896,1898,2879139,"Krüger, Herman Anders"
11872472X,Dresden,1898,1904,2935022,"Krüger, Herman Anders"
11872472X,Hannover,1905,1909,2910831,"Krüger, Herman Anders"
11872472X,Herrenhausen,1909,,,"Krüger, Herman Anders"
116581999,Ottenküll,1868,1887,,"Kügelgen, Constantin von"
116581999,Königsberg,1887,,2885916,"Kügelgen, Constantin von"
116581999,Leipzig,,,2879139,"Kügelgen, Constantin von"
116581999,Gießen,,,2920512,"Kügelgen, Constantin von"
116581999,Dorpat,,,588335,"Kügelgen, Constantin von"
116581999,Leipzig,,,2879139,"Kügelgen, Constantin von"
116581999,Dresden,,1903,2935022,"Kügelgen, Constantin von"
116581999,Weimar,1903,1906,2812482,"Kügelgen, Constantin von"
116581999,Zwickau,1906,1908,2803560,"Kügelgen, Constantin von"
116581999,Chemnitz,1908,,2940132,"Kügelgen, Constantin von"
1228123926,Reval,1836,1855,588409,"Kügelgen, Heinrich von"
1228123926,Dorpat,1855,1860,588335,"Kügelgen, Heinrich von"
116590823,Orel,1862,1874,515012,"Külpe, Frances"
116590823,Mitau,1874,1877,459279,"Külpe, Frances"
116590823,Dorpat,1877,1880,588335,"Külpe, Frances"
116590823,Konstantinopel,1881,1881,745044,"Külpe, Frances"
116590823,Dorpat,1882,1888,588335,"Külpe, Frances"
116590823,Riga,1888,1892,456172,"Külpe, Frances"
116590823,Libau,1901,1903,457954,"Külpe, Frances"
116590823,Nervi,1903,1908,3172300,"Külpe, Frances"
116590823,München,1908,,2867714,"Külpe, Frances"
11872567X,Riga,1880,1900,456172,"Kyber, Manfred"
11872567X,Paesemal,,,,"Kyber, Manfred"
11872567X,Leipzig,1900,1902,2879139,"Kyber, Manfred"
11872567X,Berlin,1902,,2950159,"Kyber, Manfred"
1157518834,Riga,1826,1846,456172,"Laurenth, Julius"
1157518834,Dorpat,1846,1851,588335,"Laurenth, Julius"
1157518834,Petersburg,1870,,498817,"Laurenth, Julius"
117085278,Goldingen,1866,1880,458460,"Lingen, Thekla"
117085278,St. Petersburg,1880,,498817,"Lingen, Thekla"
unidentified004,Lemberg,1845,1871,3196689,"Lochay-Buresch, Emanuel"
unidentified004,Wien,1871,,2761369,"Lochay-Buresch, Emanuel"
1202427081,Libau,1830,1854,457954,"Lortsch, Alfred"
1202427081,Petersburg,1854,1854,498817,"Lortsch, Alfred"
1202427081,Libau,1864,,457954,"Lortsch, Alfred"
11367645X,Druben,1844,1872,,"Lortsch, Franziska"
11367645X,Libau,1872,,457954,"Lortsch, Franziska"
1056134259,,,,,"Lucas, Auguste"
unidentified005,Riga,1883,1905,456172,"Lyra, Adolf Julius"
unidentified005,Wien,1905,1908,2761369,"Lyra, Adolf Julius"
unidentified005,München,,,2867714,"Lyra, Adolf Julius"
unidentified005,Tirol,,,2763586,"Lyra, Adolf Julius"
unidentified005,Riga,1908,,456172,"Lyra, Adolf Julius"
116656301,Hannover,1804,1825,2910831,"Mädler, Minna von"
116656301,Hamburg,1825,1825,2911298,"Mädler, Minna von"
116656301,Dorpat,1840,1853,588335,"Mädler, Minna von"
116656301,Hannover,1853,,2910831,"Mädler, Minna von"
116656301,Bonn,1865,1870,6296510,"Mädler, Minna von"
116656301,Hannover,1870,1891,2910831,"Mädler, Minna von"
1158098952,Mitau,1830,,459279,"Malsch, Marie von"
118992996,Riga,1854,1889,456172,"Marholm, Laura"
118992996,Friedrichshagen,1889,1895,,"Marholm, Laura"
118992996,Schliersee,1895,1899,2838502,"Marholm, Laura"
118992996,München,1899,1905,2867714,"Marholm, Laura"
1029309655,Dünaburg,1865,1871,460413,"Martinelli, Jeannot"
1029309655,Riga,1871,1875,456172,"Martinelli, Jeannot"
1029309655,Mitau,1875,1886,459279,"Martinelli, Jeannot"
1029309655,Berlin,1886,1888,2950159,"Martinelli, Jeannot"
1029309655,Köln,1888,1889,2886242,"Martinelli, Jeannot"
1029309655,Hamburg,1889,1891,2911298,"Martinelli, Jeannot"
1029309655,St. Petersburg,1891,1892,498817,"Martinelli, Jeannot"
1029309655,Mitau,1892,1893,459279,"Martinelli, Jeannot"
1029309655,Riga,1893,1894,456172,"Martinelli, Jeannot"
1029309655,Reval,1894,1895,588409,"Martinelli, Jeannot"
1029309655,Berlin,1895,1901,2950159,"Martinelli, Jeannot"
1029309655,St. Petersburg,1901,,498817,"Martinelli, Jeannot"
1204184321,Slonim,1843,1847,621754,"Masing, Adolf Wilhelm"
1204184321,Dorpat,1847,1864,588335,"Masing, Adolf Wilhelm"
1204184321,Petersburg,1864,1865,498817,"Masing, Adolf Wilhelm"
1204184321,Genf,1865,1871,2660646,"Masing, Adolf Wilhelm"
1204184321,Riga,1871,,456172,"Masing, Adolf Wilhelm"
116991364,Grobin,1848,,459692,"Meerscheidt-Hüllessem, Leonie von"
116991364,Mitau,1906,,459279,"Meerscheidt-Hüllessem, Leonie von"
unidentified006,Lemberg,1868,,3196689,"Mehr, Adolf B."
142986275,,,,,"Mendelssohn, Erich von"
137020546,Soikina,1852,1862,,"Mengden, Alexander"
137020546,Libau,1862,1872,457954,"Mengden, Alexander"
137020546,Dorpat,1872,1876,588335,"Mengden, Alexander"
137020546,St. Petersburg,1876,1878,498817,"Mengden, Alexander"
137020546,Riga,1878,1879,456172,"Mengden, Alexander"
137020546,Wenden,1879,,460570,"Mengden, Alexander"
137020546,Livland,1892,,457850,"Mengden, Alexander"
1022870734,Gora.Kamenka in Bessarabien,1852,1863,,"Merwart, Karl"
1022870734,Lemberg,1863,1870,3196689,"Merwart, Karl"
1022870734,Krakau,1870,1872,3094802,"Merwart, Karl"
1022870734,Graz,1872,1873,2778067,"Merwart, Karl"
1022870734,Wien,1874,1875,2761369,"Merwart, Karl"
1022870734,Marburg,1875,1878,2873759,"Merwart, Karl"
1022870734,Wien,1878,,2761369,"Merwart, Karl"
1022870734,Frankreich,1883,1884,,"Merwart, Karl"
1022870734,Paris,1884,1906,2988507,"Merwart, Karl"
1022870734,Wien,1906,,2761369,"Merwart, Karl"
129293393,Göttingen,1846,1865,2918632,"Meyer, Julius"
129293393,Glasgow,1865,1870,2648579,"Meyer, Julius"
129293393,Göttingen,1870,1870,2918632,"Meyer, Julius"
129293393,Hamburg,1870,,2911298,"Meyer, Julius"
129293393,Frankreich,1871,1871,,"Meyer, Julius"
129293393,Riga,1871,1882,456172,"Meyer, Julius"
129293393,Libau,1882,1890,457954,"Meyer, Julius"
129293393,Riga,1890,,456172,"Meyer, Julius"
1049760239,Riga,1858,1877,456172,"Meyke, Nina"
1049760239,St. Petersburg,,,498817,"Meyke, Nina"
1049760239,Moskau,,,524901,"Meyke, Nina"
1049760239,Warschau,,,756135,"Meyke, Nina"
1049760239,Tiflis,,,611717,"Meyke, Nina"
1049760239,Aschabath,,,162183,"Meyke, Nina"
1049760239,Wochozk,,,,"Meyke, Nina"
1049760239,Radom,,,,"Meyke, Nina"
140470239,Dorpat,1850,1871,588335,"Mickwitz, Christoph"
140470239,Audern bei Pernau,1871,1872,,"Mickwitz, Christoph"
140470239,Dorpat,1872,1876,588335,"Mickwitz, Christoph"
140470239,Fellin,1876,1876,587577,"Mickwitz, Christoph"
140470239,Dorpat,1876,1877,588335,"Mickwitz, Christoph"
140470239,St. Petersburg,1877,1878,498817,"Mickwitz, Christoph"
140470239,Reval,1878,,588409,"Mickwitz, Christoph"
1089932367,Pommern,1826,,3088388,"Müller, Valeria von"
1089932367,Riga,1876,,456172,"Müller, Valeria von"
117209708,Czernowitz,1834,1853,710719,"Nadler, Gustav Adolf"
117209708,Wien,1853,,2761369,"Nadler, Gustav Adolf"
117209708,Prag,1871,1877,3067696,"Nadler, Gustav Adolf"
117209708,Pilsen,1877,1879,3068160,"Nadler, Gustav Adolf"
117209708,Hermannstadt,1879,1881,667268,"Nadler, Gustav Adolf"
117209708,Wien,1881,,2761369,"Nadler, Gustav Adolf"
117209708,Passau,1895,,2855328,"Nadler, Gustav Adolf"
13836480X,Mitau,1895,,459279,"Neander, Theodor"
127781412,Kusnezowo,1849,1855,,"Norden, Julius"
127781412,Reval,1855,1867,588409,"Norden, Julius"
127781412,St. Petersburg,1867,1877,498817,"Norden, Julius"
127781412,St. Petersburg,1879,1895,498817,"Norden, Julius"
127781412,Berlin,1895,1907,2950159,"Norden, Julius"
unidentified007,Czernowitz,1859,1879,710719,"Nußbaum, Oswald Jsidor"
unidentified007,Wien,1879,1880,2761369,"Nußbaum, Oswald Jsidor"
unidentified007,Czernowitz,1880,,710719,"Nußbaum, Oswald Jsidor"
118973606,Mitau,,1862,459279,"Pantenius, Theodor Hermann"
118973606,Berlin,1862,1865,2950159,"Pantenius, Theodor Hermann"
118973606,Erlangen,1865,1866,2929567,"Pantenius, Theodor Hermann"
118973606,St. Petersburg,1866,1867,498817,"Pantenius, Theodor Hermann"
118973606,Fischerröden bei Libau,1867,1870,,"Pantenius, Theodor Hermann"
118973606,Riga,1870,1876,456172,"Pantenius, Theodor Hermann"
118973606,Leipzig,1876,1891,2879139,"Pantenius, Theodor Hermann"
118973606,Berlin,1891,1909,2950159,"Pantenius, Theodor Hermann"
118973606,Leipzig,1909,,2879139,"Pantenius, Theodor Hermann"
1203066821,Reval,1839,1849,588409,"Paucker, Heinrich Johann von"
1203066821,Mitau,1849,,459279,"Paucker, Heinrich Johann von"
1203066821,Petersburg,,,498817,"Paucker, Heinrich Johann von"
1203066821,Wesenberg,1865,1871,589165,"Paucker, Heinrich Johann von"
1203066821,Reval,1871,,588409,"Paucker, Heinrich Johann von"
1329209869,Kamenez-Podolski,1864,1864,,"Pekelmann, Konrad"
1329209869,Radautz,1864,1865,669289,"Pekelmann, Konrad"
1329209869,Czernowitz,1865,1866,710719,"Pekelmann, Konrad"
1329209869,Wien,1866,1869,2761369,"Pekelmann, Konrad"
1329209869,Chicago,,,4887398,"Pekelmann, Konrad"
1329209869,Czernowitz,,,710719,"Pekelmann, Konrad"
116134100,Riga,1846,1856,456172,"Petrick, Alexander"
116134100,Braunschweig,1856,1865,2945024,"Petrick, Alexander"
116134100,Jena,1865,1868,2895044,"Petrick, Alexander"
116134100,Berlin,1865,1868,2950159,"Petrick, Alexander"
116134100,Riga,1868,1871,456172,"Petrick, Alexander"
116134100,Petersburg,1871,1890,498817,"Petrick, Alexander"
1158101309,Belgrad,1846,,792680,"Petrowitsch, Karl von"
1158101309,Schemnitz,,,,"Petrowitsch, Karl von"
1158101309,Brünn,,,3078610,"Petrowitsch, Karl von"
1158101309,Hermannstadt,,,667268,"Petrowitsch, Karl von"
1158101309,Linz,,,2772400,"Petrowitsch, Karl von"
1158101309,Lemberg,,,3196689,"Petrowitsch, Karl von"
1158101309,Frankfurt am Main,,,2925533,"Petrowitsch, Karl von"
1158101309,Wiesbaden,,,2809346,"Petrowitsch, Karl von"
1158101309,Berlin,,,2950159,"Petrowitsch, Karl von"
1158101309,Wien,,,2761369,"Petrowitsch, Karl von"
1158101309,München,,,2867714,"Petrowitsch, Karl von"
1158101309,Paris,,,2988507,"Petrowitsch, Karl von"
1158101309,Berlin,,1892,2950159,"Petrowitsch, Karl von"
1158101309,Wien,1892,,2761369,"Petrowitsch, Karl von"
1036657981,Hamburg,1858,1864,2911298,"Pistohlkors, Marie von"
1036657981,Oesel,1864,,588878,"Pistohlkors, Marie von"
1036657981,Arensburg,,,590939,"Pistohlkors, Marie von"
1036657981,Oesel,1883,,588878,"Pistohlkors, Marie von"
1036657981,Wiesbaden,,,2809346,"Pistohlkors, Marie von"
1036657981,Oesel,,,588878,"Pistohlkors, Marie von"
1036657981,Petersburg,1889,1890,498817,"Pistohlkors, Marie von"
1036657981,Wien,1890,1893,2761369,"Pistohlkors, Marie von"
1036657981,Görz,1898,,3175986,"Pistohlkors, Marie von"
1019309229,Lemberg,1861,1880,3196689,"Pokorny, Johann"
1019309229,Wien,1880,1899,2761369,"Pokorny, Johann"
1019309229,Wildshut,1899,,2761198,"Pokorny, Johann"
1019309229,Lutkow,1900,,765688,"Pokorny, Johann"
unidentified008,Riga,1837,,456172,"Radetzky, Friedrich Robert von"
116334851,Lemberg,1808,1822,3196689,"Rappaport, Moritz"
116334851,Wien,1822,1835,2761369,"Rappaport, Moritz"
116334851,Lemberg,1835,1872,3196689,"Rappaport, Moritz"
116334851,Wien,1872,1874,2761369,"Rappaport, Moritz"
116334851,Lemberg,1874,1880,3196689,"Rappaport, Moritz"
116391960,Reval,1823,,588409,"Rehbinder, Nikolai"
116391960,Hapsal,1845,1850,592225,"Rehbinder, Nikolai"
116391960,Libau,1850,1863,457954,"Rehbinder, Nikolai"
116391960,Polangen,1863,1864,596238,"Rehbinder, Nikolai"
116391960,Reval,1864,,588409,"Rehbinder, Nikolai"
116391960,Dorpat,,1876,588335,"Rehbinder, Nikolai"
103868546X,Oesel,1875,1890,588878,"Rehren, Ludmilla von"
103868546X,Riga,1893,1894,456172,"Rehren, Ludmilla von"
103868546X,Petersburg,,,498817,"Rehren, Ludmilla von"
103868546X,Moskau,,,524901,"Rehren, Ludmilla von"
103868546X,Riga,,,456172,"Rehren, Ludmilla von"
103868546X,Libau,,1897,457954,"Rehren, Ludmilla von"
103868546X,Berlin,1897,1902,2950159,"Rehren, Ludmilla von"
103868546X,Charlottenburg,1902,1904,2940187,"Rehren, Ludmilla von"
103868546X,Jena,1904,1906,2895044,"Rehren, Ludmilla von"
103868546X,Eutin,1906,1907,2928381,"Rehren, Ludmilla von"
103868546X,Osterode,1907,,2856408,"Rehren, Ludmilla von"
1193684137,Riga,1809,1829,456172,"Riekhoff, Friedrich Reinhold von"
1193684137,Dorpat,1829,1838,588335,"Riekhoff, Friedrich Reinhold von"
1193684137,Riga,1838,1881,456172,"Riekhoff, Friedrich Reinhold von"
118745492,Lemberg,1873,1886,3196689,"Rittner, Tadeusz"
118745492,Wien,1886,,2761369,"Rittner, Tadeusz"
unidentified009,Pleskau,1860,1866,504341,"Röhde, Alide von"
unidentified009,St. Petersburg,1866,1872,498817,"Röhde, Alide von"
unidentified009,Reval,1872,1881,588409,"Röhde, Alide von"
unidentified009,Zürich,1881,1882,2657896,"Röhde, Alide von"
unidentified009,Reval,1882,,588409,"Röhde, Alide von"
116627018,Czernowitz,1840,1854,710719,"Rosenzweig, Leon"
116627018,Bukarest,1854,1871,683506,"Rosenzweig, Leon"
116627018,Czernowitz,1871,,710719,"Rosenzweig, Leon"
116627018,Wien,,,2761369,"Rosenzweig, Leon"
116711825,,,,,"Rutenberg, Otto von"
118604570,Lemberg,1836,1848,3196689,"Sacher-Masoch, Leopold von"
118604570,Prag,1848,1855,3067696,"Sacher-Masoch, Leopold von"
118604570,Graz,1855,1873,2778067,"Sacher-Masoch, Leopold von"
118604570,Bruck an der Mur,1873,1877,2781371,"Sacher-Masoch, Leopold von"
118604570,Graz,1877,1880,2778067,"Sacher-Masoch, Leopold von"
118604570,Budapest,1880,1881,3054643,"Sacher-Masoch, Leopold von"
118604570,Leipzig,1881,1886,2879139,"Sacher-Masoch, Leopold von"
118604570,Lindheim,1886,1886,2877194,"Sacher-Masoch, Leopold von"
118604570,Paris,1886,1888,2988507,"Sacher-Masoch, Leopold von"
118604570,Lindheim,1888,1890,2877194,"Sacher-Masoch, Leopold von"
118604570,Mannheim,1990,1891,2873891,"Sacher-Masoch, Leopold von"
118604570,Lindheim,1891,1895,2877194,"Sacher-Masoch, Leopold von"
117023477,Czernowitz,1860,1884,710719,"Sawka, Michael"
117023477,Wien,1884,,2761369,"Sawka, Michael"
117023477,Freistadt,,,3073789,"Sawka, Michael"
117023477,Gmunden,,,7872009,"Sawka, Michael"
117023477,Ostrava,1890,1892,11921098,"Sawka, Michael"
117023477,Frýdek-Místek,1892,1894,3076125,"Sawka, Michael"
117023477,Wien,1894,1895,2761369,"Sawka, Michael"
117023477,Troppau,1895,1895,3068927,"Sawka, Michael"
117023477,Brünn,1895,1896,3078610,"Sawka, Michael"
117023477,Budweis,1896,1897,3077916,"Sawka, Michael"
117023477,Leipzig,1897,1990,2879139,"Sawka, Michael"
117023477,Wien,1900,1903,2761369,"Sawka, Michael"
117023477,Czernowitz,1903,1906,710719,"Sawka, Michael"
117108731,Lemberg,1844,1843,3196689,"Scharf, Ludwig"
117108731,Wien,1843,,2761369,"Scharf, Ludwig"
117108731,Freudenthal,1873,1887,2779257,"Scharf, Ludwig"
117108731,Wien,1877,1879,2761369,"Scharf, Ludwig"
117108731,London,1880,,2643743,"Scharf, Ludwig"
117108731,Leipzig,,,2879139,"Scharf, Ludwig"
117108731,Wien,,,2761369,"Scharf, Ludwig"
1329686438,Lemberg,1847,1856,3196689,"Scheiner, Leopold"
1329686438,Wien,1856,1871,2761369,"Scheiner, Leopold"
1329686438,Graz,1871,,2778067,"Scheiner, Leopold"
104305126,Selgs,,1835,,"Schellbach, Reinhold"
104305126,Neval,1835,1844,1536866,"Schellbach, Reinhold"
104305126,Dorpat,1844,1850,588335,"Schellbach, Reinhold"
117218235,Swinemünde,1832,,3083955,"Scherenberg, Gustav Otto"
117218235,Verona,1872,1872,3164527,"Scherenberg, Gustav Otto"
117218235,Venedig,1872,1872,3164603,"Scherenberg, Gustav Otto"
117218235,New York,1874,1875,5128581,"Scherenberg, Gustav Otto"
117218235,Baltimore,1874,1875,4347778,"Scherenberg, Gustav Otto"
117218235,Posen,1880,1882,3088171,"Scherenberg, Gustav Otto"
117218235,Berlin,1882,1889,2950159,"Scherenberg, Gustav Otto"
117218235,Elberfeld,1889,,4257070,"Scherenberg, Gustav Otto"
117218235,Berlin,,1906,2950159,"Scherenberg, Gustav Otto"
117218766,Lemberg,1846,,3196689,"Scherer, Franz"
117218766,Wien,1874,,2761369,"Scherer, Franz"
117329053,Fischröden,1847,1870,,"Schlippenbach, Gabriele von"
117329053,Libau,1870,1872,457954,"Schlippenbach, Gabriele von"
117329053,Palanga,1872,1874,596238,"Schlippenbach, Gabriele von"
117329053,Groblin,1877,1881,,"Schlippenbach, Gabriele von"
117329053,Libau,1881,,457954,"Schlippenbach, Gabriele von"
1055098747,Pernau,1864,1869,589580,"Schmid, Hedda von"
1055098747,Riga,1869,1873,456172,"Schmid, Hedda von"
117506338,Fellin,1854,1872,587577,"Schmidt, Hans"
117506338,Leipzig,1872,1875,2879139,"Schmidt, Hans"
117506338,Berlin,1875,1878,2950159,"Schmidt, Hans"
117506338,Wien,1878,1880,2761369,"Schmidt, Hans"
117506338,Riga,1880,,456172,"Schmidt, Hans"
116836709,Berlin,1805,1810,2950159,"Schneider, Ludwig"
116836709,Reval,1814,1815,588409,"Schneider, Ludwig"
116836709,Berlin,1815,1848,2950159,"Schneider, Ludwig"
116836709,Potsdam,1848,1878,2852458,"Schneider, Ludwig"
116836814,Tharandt,1856,1868,6550831,"Schneider, Martha"
116836814,Dorpat,1868,1872,588335,"Schneider, Martha"
116836814,Prag,1874,1883,3067696,"Schneider, Martha"
116836814,St. Petersburg,1883,1906,498817,"Schneider, Martha"
116836814,Jena,1906,,2895044,"Schneider, Martha"
116857285,Pernau,1850,,589580,"Schoeler, Heinrich von"
116857285,St. Petersburg,,1869,498817,"Schoeler, Heinrich von"
116857285,Dorpat,1869,1871,588335,"Schoeler, Heinrich von"
116857285,Berlin,1871,1872,2950159,"Schoeler, Heinrich von"
116857285,Heidelberg,1873,1875,2907911,"Schoeler, Heinrich von"
116857285,Firenze,1876,1890,3176959,"Schoeler, Heinrich von"
116857285,München,1879,1880,2867714,"Schoeler, Heinrich von"
116857285,Dresden,1890,1894,2935022,"Schoeler, Heinrich von"
116857285,Leipzig,1895,1909,2879139,"Schoeler, Heinrich von"
116857285,Nürnberg,1909,,2861650,"Schoeler, Heinrich von"
116911832,Wenden,1858,,460570,"Schomacker, Hanna"
116911832,Riga,1878,1879,456172,"Schomacker, Hanna"
116911832,St. Petersburg,1879,1910,498817,"Schomacker, Hanna"
116911832,Wiesbaden,1910,1913,2809346,"Schomacker, Hanna"
1074105532,Dorpat,1821,,588335,"Schoultz von Ascheraden, Marie"
1074105532,Schloß Habarau-Lavaux,1891,,,"Schoultz von Ascheraden, Marie"
1074105532,Straßburg,1893,,2973783,"Schoultz von Ascheraden, Marie"
117059021,Tula,1816,,480562,"Schrenck, Alexander Gustav von"
117059021,Dorpat,1834,1837,588335,"Schrenck, Alexander Gustav von"
117059021,St. Petersburg,1837,1844,498817,"Schrenck, Alexander Gustav von"
117059021,Dorpat,1850,1876,588335,"Schrenck, Alexander Gustav von"
117072796,Dorpat,1851,1873,588335,"Schroeder, Leopold von"
117072796,Jena,1874,1877,2895044,"Schroeder, Leopold von"
117072796,Tübingen,1874,1877,2820860,"Schroeder, Leopold von"
117072796,Leipzig,1874,1877,2879139,"Schroeder, Leopold von"
117072796,Berlin,1874,1877,2950159,"Schroeder, Leopold von"
117072796,Dorpat,1877,1894,588335,"Schroeder, Leopold von"
117072796,Innsbruck,1894,1899,2775220,"Schroeder, Leopold von"
117072796,Wien,1899,1920,2761369,"Schroeder, Leopold von"
117192309,Reval,1808,1809,588409,"Schultz, Georg Julius"
117192309,Dorpat,1826,1833,588335,"Schultz, Georg Julius"
117192309,St. Petersburg,1846,1875,498817,"Schultz, Georg Julius"
117192309,Wien,,,2761369,"Schultz, Georg Julius"
1187357847,Riga,1816,1834,456172,"Schwartz, Wilhelm"
1187357847,Dorpat,1834,1840,588335,"Schwartz, Wilhelm"
1187357847,Paris,1840,1842,2988507,"Schwartz, Wilhelm"
1187357847,Petersburg,1842,1843,498817,"Schwartz, Wilhelm"
1187357847,Dorpat,1844,,588335,"Schwartz, Wilhelm"
1187357847,Saratow,,1860,498677,"Schwartz, Wilhelm"
1187357847,Riga,1860,,456172,"Schwartz, Wilhelm"
117470732,Riga,1841,1862,456172,"Seuberlich, Rudolf W."
117470732,Riga,1864,,456172,"Seuberlich, Rudolf W."
1057766526,Reval,1867,1887,588409,"Siebert, John Eduard"
1057766526,Dorpat,1887,1896,588335,"Siebert, John Eduard"
1057766526,Wolsk,1896,1902,472278,"Siebert, John Eduard"
1057766526,Minsk,1902,1908,625144,"Siebert, John Eduard"
1057766526,Dorpat,1908,,588335,"Siebert, John Eduard"
120451093,St. Petersburg,1835,1845,498817,"Siller, Frank"
120451093,Dorpat,1845,1850,588335,"Siller, Frank"
120451093,Berlin,1885,1890,2950159,"Siller, Frank"
1053281102,Dorpat,1869,1887,588335,"Simson, Ewald Wilhelm"
1053281102,Dorpat,1888,1890,588335,"Simson, Ewald Wilhelm"
1053281102,Petersburg,1890,1896,498817,"Simson, Ewald Wilhelm"
1053281102,Haag,1898,1900,6621479,"Simson, Ewald Wilhelm"
1053281102,Paris,1900,,2988507,"Simson, Ewald Wilhelm"
117419109,Fellin,1823,1833,587577,"Sivers, Jegór von"
117419109,Wero,1833,1842,,"Sivers, Jegór von"
117419109,Dorpat,1842,1846,588335,"Sivers, Jegór von"
117419109,Valmiera,1854,1879,453754,"Sivers, Jegór von"
117419109,Riga,1873,1879,456172,"Sivers, Jegór von"
1050319850,Libau,1855,1877,457954,"Slevogt, S."
1050319850,Moskau,,,524901,"Slevogt, S."
1031351493,Libau,1849,1869,457954,"Sprengel, Clementine"
1031351493,Grimsby,1869,1872,2647878,"Sprengel, Clementine"
1031351493,Kosel,1872,1896,789247,"Sprengel, Clementine"
1031351493,Cottbus,1896,1919,6547541,"Sprengel, Clementine"
117202789,Dorpat,1857,1879,588335,"Staël-Holstein, Lucie von"
117202789,Livland,1879,,457850,"Staël-Holstein, Lucie von"
unidentified010,Riga,1818,1836,456172,"Starck, Karl Julius"
unidentified010,Dorpat,1836,1841,588335,"Starck, Karl Julius"
unidentified010,St. Petersburg,1841,,498817,"Starck, Karl Julius"
unidentified010,Moskau,,,524901,"Starck, Karl Julius"
unidentified010,Petersburg,,,498817,"Starck, Karl Julius"
101559798,Suczawa,1832,1838,665850,"Staufe-Simiginowicz, Ludwig Adolf"
101559798,Czernowitz,1838,1848,710719,"Staufe-Simiginowicz, Ludwig Adolf"
101559798,Wien,1848,1850,2761369,"Staufe-Simiginowicz, Ludwig Adolf"
101559798,Czernowitz,1850,1852,710719,"Staufe-Simiginowicz, Ludwig Adolf"
101559798,Wien,1852,1855,2761369,"Staufe-Simiginowicz, Ludwig Adolf"
101559798,Czernowitz,1855,1859,710719,"Staufe-Simiginowicz, Ludwig Adolf"
101559798,Kronstadt,1859,1876,540771,"Staufe-Simiginowicz, Ludwig Adolf"
101559798,Czernowitz,1876,,710719,"Staufe-Simiginowicz, Ludwig Adolf"
1050523210,Kurland,1854,1864,460496,"Stavenhagen, Karl Georg Ehrenfried"
1050523210,Goldingen,1864,1873,458460,"Stavenhagen, Karl Georg Ehrenfried"
1050523210,Leipzig,1874,1875,2879139,"Stavenhagen, Karl Georg Ehrenfried"
1050523210,Tübingen,1875,1877,2820860,"Stavenhagen, Karl Georg Ehrenfried"
1050523210,München,1877,1878,2867714,"Stavenhagen, Karl Georg Ehrenfried"
1050523210,Goldingen,1878,1879,458460,"Stavenhagen, Karl Georg Ehrenfried"
1050523210,Ösel,1880,1881,588878,"Stavenhagen, Karl Georg Ehrenfried"
1050523210,Dorpat,1881,1882,588335,"Stavenhagen, Karl Georg Ehrenfried"
1050523210,Kurland,1882,1885,460496,"Stavenhagen, Karl Georg Ehrenfried"
1050523210,Mitau,1885,1895,459279,"Stavenhagen, Karl Georg Ehrenfried"
1050523210,Riga,1895,,456172,"Stavenhagen, Karl Georg Ehrenfried"
1055120238,Stiene,1806,1824,455252,"Stein, C. von"
1055120238,Dorpat,1824,1829,588335,"Stein, C. von"
1055120238,Livland,1850,,457850,"Stein, C. von"
118617605,Bukowina,1868,1870,571096,"Stekel, Wilhelm"
118617605,Czernowitz,1870,1887,710719,"Stekel, Wilhelm"
118617605,Wien,1887,,2761369,"Stekel, Wilhelm"
117391468,Riga,1867,1885,456172,"Stern-Szana, Bernhard"
117391468,München,1887,1888,2867714,"Stern-Szana, Bernhard"
117391468,Wien,1889,1894,2761369,"Stern-Szana, Bernhard"
117391468,Konstantinopel,1894,1898,745044,"Stern-Szana, Bernhard"
117391468,Budapest,1890,,3054643,"Stern-Szana, Bernhard"
117276871,Reval,1860,1860,588409,"Stern, Maurice Reinhold von"
117276871,Friedrichsheim,1861,1872,,"Stern, Maurice Reinhold von"
117276871,Dorpat,1872,1875,588335,"Stern, Maurice Reinhold von"
117276871,Fellin,1875,1876,587577,"Stern, Maurice Reinhold von"
117276871,Riga,1876,1879,456172,"Stern, Maurice Reinhold von"
117276871,Zürich,1885,1898,2657896,"Stern, Maurice Reinhold von"
117276871,Linz,1903,1938,2772400,"Stern, Maurice Reinhold von"
117679658,Riga,1829,1850,456172,"Szymanowski, Julius von"
117679658,Dorpat,1850,1858,588335,"Szymanowski, Julius von"
117679658,Helsingfors,1858,,658225,"Szymanowski, Julius von"
117679658,Kiew,,1868,703448,"Szymanowski, Julius von"
117199028,Lemberg,1858,1865,3196689,"Tambour, Rudolf"
117199028,Wien,1865,,2761369,"Tambour, Rudolf"
127975039,Stettin,1867,1868,3083829,"Teichert, Hedwig"
137620403,Lemberg,1834,1851,3196689,"Thenen, Julie"
137620403,Tysmenytsia,1851,,690872,"Thenen, Julie"
1193761808,Reval,1818,1820,588409,"Tideböhl, Arnold Gustav Wilhelm von"
1193761808,Riga,1820,1835,456172,"Tideböhl, Arnold Gustav Wilhelm von"
1193761808,Dorpat,1835,1840,588335,"Tideböhl, Arnold Gustav Wilhelm von"
1193761808,Riga,1845,1879,456172,"Tideböhl, Arnold Gustav Wilhelm von"
1193761808,Dorpat,1879,1882,588335,"Tideböhl, Arnold Gustav Wilhelm von"
1193761808,München,,1883,2867714,"Tideböhl, Arnold Gustav Wilhelm von"
131735888,Odessa,1816,1834,698740,"Toporoff, Wilhelm"
131735888,Dorpat,1834,1838,588335,"Toporoff, Wilhelm"
131735888,Odessa,1856,1873,698740,"Toporoff, Wilhelm"
11740649X,Rybinsk,1883,1893,500004,"Tornius, Valerian"
11740649X,Riga,1893,1903,456172,"Tornius, Valerian"
11740649X,Leipzig,1903,,2879139,"Tornius, Valerian"
117439967,Angerburg,1862,1864,756048,"Tyrol, Marie"
117439967,Gumbinnen,1864,1875,557882,"Tyrol, Marie"
117439967,Danzig,1875,1880,3099434,"Tyrol, Marie"
117439967,Leipzig,1880,1882,2879139,"Tyrol, Marie"
117439967,Danzig,1882,1890,3099434,"Tyrol, Marie"
117439967,Charlottenburg,1890,1918,2940187,"Tyrol, Marie"
117287520,Kremon,1829,1847,,"Ulmann, Karl Konrad"
117287520,Dorpat,1847,,588335,"Ulmann, Karl Konrad"
117287520,Luhde,1857,,457770,"Ulmann, Karl Konrad"
101257198,Rzeszow,1836,1837,759734,"Umlauff von Frankwell, Victor"
101257198,Czernowitz,1837,1855,710719,"Umlauff von Frankwell, Victor"
101257198,Wien,1855,,2761369,"Umlauff von Frankwell, Victor"
101257198,Czernowitz,,,710719,"Umlauff von Frankwell, Victor"
118763733,Dorpat,1816,1829,588335,"Ungern-Sternberg, Alexander von"
118763733,St. Petersburg,1829,1830,498817,"Ungern-Sternberg, Alexander von"
118763733,Dresden,1830,1831,2935022,"Ungern-Sternberg, Alexander von"
118763733,Mannheim,1831,1834,2873891,"Ungern-Sternberg, Alexander von"
118763733,Weimar,1834,,2812482,"Ungern-Sternberg, Alexander von"
118763733,Berlin,1841,1850,2950159,"Ungern-Sternberg, Alexander von"
118763733,Dresden,1850,,2935022,"Ungern-Sternberg, Alexander von"
126457719,Reval,1860,1874,588409,"Uxkull, Woldemar von"
126457719,Ösel,1874,1881,588878,"Uxkull, Woldemar von"
126457719,Laitz,1883,1906,,"Uxkull, Woldemar von"
127990011,Lemsal,1844,1849,457890,"Vietinghoff, Lilly"
127990011,Wenden,1849,1860,460570,"Vietinghoff, Lilly"
127990011,Riga,1860,1867,456172,"Vietinghoff, Lilly"
127990011,Livland,1867,1874,457850,"Vietinghoff, Lilly"
127990011,Tübingen,1874,1877,2820860,"Vietinghoff, Lilly"
127990011,Stuttgart,1877,1878,2825297,"Vietinghoff, Lilly"
127990011,Riga,1878,1880,456172,"Vietinghoff, Lilly"
127990011,Dorpat,1880,1894,588335,"Vietinghoff, Lilly"
127990011,Innsbruck,1894,1899,2775220,"Vietinghoff, Lilly"
127990011,Wien,1899,1901,2761369,"Vietinghoff, Lilly"
11909892X,Leipzig,1830,1837,2879139,"Volkmann-Leander, Richard von"
11909892X,Dorpat,1837,1843,588335,"Volkmann-Leander, Richard von"
11909892X,Halle,1843,1889,2911522,"Volkmann-Leander, Richard von"
11909892X,Jena,1889,,2895044,"Volkmann-Leander, Richard von"
126964750,Triest,,,3165185,"Vortmann-Sienkiewicz, Thusnelde"
126964750,Lemberg,,,3196689,"Vortmann-Sienkiewicz, Thusnelde"
126964750,Wien,,,2761369,"Vortmann-Sienkiewicz, Thusnelde"
126964750,Moskau,,,524901,"Vortmann-Sienkiewicz, Thusnelde"
1027723640,Czernowitz,1855,1874,710719,"Weiser, Karl"
1027723640,Leipzig,1874,1875,2879139,"Weiser, Karl"
1027723640,Wien,1875,,2761369,"Weiser, Karl"
117278556,Lemberg,1844,1868,3196689,"Welten, Oskar"
117278556,Wien,1864,1882,2761369,"Welten, Oskar"
117278556,Berlin,1882,1885,2950159,"Welten, Oskar"
117278556,Görbersdorf,1885,1889,2919041,"Welten, Oskar"
117278556,Brandeis,1890,1891,4931205,"Welten, Oskar"
117278556,Kaltenleutgeben in Wien,1891,1892,2761369,"Welten, Oskar"
117278556,Krems a. d. Donau,1892,1893,2773549,"Welten, Oskar"
117278556,Mödlingen bei Wien,1893,1894,2761369,"Welten, Oskar"
11733555X,Insterburg,,1837,568595,"Wichert, Ernst"
11733555X,Königsberg,1837,1841,2885916,"Wichert, Ernst"
11733555X,Pillau,1841,1853,2609906,"Wichert, Ernst"
11733555X,Berlin,1858,1860,2950159,"Wichert, Ernst"
11733555X,Prökuls,1860,1863,595598,"Wichert, Ernst"
11733555X,Königsberg,1863,1887,2885916,"Wichert, Ernst"
11733555X,Berlin,1887,,2950159,"Wichert, Ernst"
116144742,Lemberg,,1868,3196689,"Wildberg, Bodo"
116144742,Dresden,1868,1876,2935022,"Wildberg, Bodo"
116144742,Wien,1876,1880,2761369,"Wildberg, Bodo"
116144742,Prag,1876,1883,3067696,"Wildberg, Bodo"
116144742,Teplitz,1883,1894,3064288,"Wildberg, Bodo"
116144742,Dresden,1895,1909,2935022,"Wildberg, Bodo"
116144742,Berlin,1909,,2950159,"Wildberg, Bodo"
117395404,Riga,1834,1851,456172,"Wilm, Nicolai von"
117395404,Leipzig,1851,1856,2879139,"Wilm, Nicolai von"
117395404,Riga,1857,1858,456172,"Wilm, Nicolai von"
117395404,St. Petersburg,1858,1875,498817,"Wilm, Nicolai von"
117395404,Wiesbaden,1878,1911,2809346,"Wilm, Nicolai von"
1236938216,Siuxt,1862,1886,,"Wilpert, Richard"
1236938216,Dorpat,1886,1888,588335,"Wilpert, Richard"
1236938216,Akkermann in Bessarabien,1888,1900,,"Wilpert, Richard"
1236938216,Cherson,1900,1909,706448,"Wilpert, Richard"
1236938216,Lugansk,1909,,702658,"Wilpert, Richard"
10417997X,Reval,1813,1822,588409,"Wittorff, Andreas Wilhelm von"
10417997X,Walk,1822,1823,3063444,"Wittorff, Andreas Wilhelm von"
10417997X,Dorpat,1823,1827,588335,"Wittorff, Andreas Wilhelm von"
10417997X,Riga,1827,1832,456172,"Wittorff, Andreas Wilhelm von"
10417997X,Dorpat,1832,1836,588335,"Wittorff, Andreas Wilhelm von"
10417997X,Erlaa,1840,1843,,"Wittorff, Andreas Wilhelm von"
10417997X,Adjamunde,1846,1849,,"Wittorff, Andreas Wilhelm von"
10417997X,Riga,1850,1854,456172,"Wittorff, Andreas Wilhelm von"
10417997X,Wenden,1854,1886,460570,"Wittorff, Andreas Wilhelm von"
117424218,Talsen,,1865,454970,"Worms, Carl"
117424218,Riga,1865,1876,456172,"Worms, Carl"
117424218,Dorpat,1876,1881,588335,"Worms, Carl"
117424218,Stuttgart,,,2825297,"Worms, Carl"
117424218,Berlin,,,2950159,"Worms, Carl"
117424218,Mitau,,,459279,"Worms, Carl"
1318563402,Prenzlau,,,6550670,"Würzburg, Ludwig"
1318563402,Graz,,,2778067,"Würzburg, Ludwig"
1318563402,Riga,,,456172,"Würzburg, Ludwig"
1318563402,Hamburg,,,2911298,"Würzburg, Ludwig"
1318563402,Kassel,,,2892518,"Würzburg, Ludwig"
1318563402,Berlin,,1894,2950159,"Würzburg, Ludwig"
1318563402,Hamburg,1894,,2911298,"Würzburg, Ludwig"
117359084,Lemberg,,,3196689,"Wurzbach, Alfred von"
117359084,Wien,,1876,2761369,"Wurzbach, Alfred von"
117359084,Wien,1880,,2761369,"Wurzbach, Alfred von"
117005894,Lemberg,,1863,3196689,"Zipper, Albert"
117005894,Wien,1863,1873,2761369,"Zipper, Albert"
117005894,Lemberg,1873,1880,3196689,"Zipper, Albert"
117005894,Krakau,1880,1882,3094802,"Zipper, Albert"
117005894,Lemberg,1882,,3196689,"Zipper, Albert"
